Date,Day,Week,Breakfast,Morning_Snack,Lunch,Afternoon_Snack,Dinner,Social_Hangout,Food_Subtotal,Gas,Daily_Total,Notes
2026-08-01,Sat,1,110,20,110,0,0,255,495,150,645,"Stoo's Chaolong & French Bread with friends, plus a late-night snack from the street vendors — gas refill too"
2026-08-02,Sun,1,100,0,110,80,145,0,435,0,435,Grabbed Jollibee on the way home for dinner
2026-08-03,Mon,1,110,60,110,35,75,0,390,150,540,Gas refill
2026-08-04,Tue,1,95,20,115,60,65,0,355,0,355,
2026-08-05,Wed,1,105,40,185,40,75,0,445,0,445,Chowking lauriat for lunch
2026-08-06,Thu,1,105,40,110,45,75,0,375,150,525,Gas refill
2026-08-07,Fri,1,105,0,110,0,110,330,655,0,655,"SM City hangout with the barkada (McDo + arcade), then street BBQ at the Baywalk for dinner"
2026-08-08,Sat,2,110,20,215,0,75,180,600,0,600,"KFC Zinger meal for lunch, hung around Robinsons after with friends"
2026-08-09,Sun,2,90,30,110,60,70,0,360,150,510,Gas refill
2026-08-10,Mon,2,115,20,115,70,60,0,380,0,380,
2026-08-11,Tue,2,95,60,110,50,65,0,380,0,380,
2026-08-12,Wed,2,105,20,140,90,65,0,420,150,570,"Jollibee Yumburger meal for lunch, gas refill"
2026-08-13,Thu,2,95,40,115,40,65,0,355,0,355,
2026-08-14,Fri,2,110,0,110,0,250,290,760,0,760,"Bona's Chaolong Haus + milk tea with friends, chipped in for Samgyupsal at night"
2026-08-15,Sat,3,100,20,195,0,0,210,525,150,675,"McDonald's for lunch, Baywalk food trip in the evening, gas refill"
2026-08-16,Sun,3,115,20,105,80,60,0,380,0,380,
2026-08-17,Mon,3,90,20,110,80,75,0,375,0,375,
2026-08-18,Tue,3,120,20,110,80,65,0,395,150,545,Gas refill
2026-08-19,Wed,3,95,40,210,45,75,0,465,0,465,Chowking lunch with halo-halo
2026-08-20,Thu,3,105,20,110,80,60,0,375,0,375,
2026-08-21,Fri,3,100,0,110,0,0,365,575,150,725,"Ninoy Aquino Day (holiday) — SM hangout, KFC + pizza/wings with friends, gas refill"
2026-08-22,Sat,4,110,35,135,0,65,190,535,0,535,"Jollibee lunch, arcade/billiards with friends after"
2026-08-23,Sun,4,105,20,110,80,60,0,375,0,375,
2026-08-24,Mon,4,110,20,110,70,65,0,375,150,525,Gas refill
2026-08-25,Tue,4,95,40,110,85,70,0,400,0,400,
2026-08-26,Wed,4,110,40,185,50,65,0,450,0,450,McDonald's for lunch
2026-08-27,Thu,4,105,20,115,80,75,0,395,150,545,Gas refill
2026-08-28,Fri,4,105,20,110,0,0,430,665,0,665,"Chaolong + KFC Krushers with friends, chipped in for chips & drinks at night"
2026-08-29,Sat,5,105,20,160,0,75,230,590,150,740,"Chowking lunch, Baker's Hill/Mitra Ranch trip with friends, gas refill"
2026-08-30,Sun,5,100,20,110,80,60,0,370,0,370,
2026-08-31,Mon,5,100,20,195,80,65,0,460,0,460,National Heroes Day (holiday) — Jollibee lunch
